Id,Predicted
-9193687728771344321,0.0
-9190465597412250947,0.0
-9188720494569941813,0.0
-9181694933618130417,0.0
-9181374021833011628,0.0
-9179005482984723121,0.0
-9173359438202896351,0.0
-9173096570645067699,0.0
-9167448628699201489,0.0
-9162904141615136469,0.0
-9159204270832828702,0.0
-9156400278248399257,0.0
-9143952251470512528,0.0
-9127367712513714797,0.0
-9125452979070205263,0.0
-9124167448576731976,0.0
-9118829906124212347,0.0
-9106795890415929224,1.0
-9102210247130911141,1.0
-9097924644225362731,0.0
-9085303545708959033,0.0
-9084405486244992433,0.0
-9084370674105185216,1.0
-9082768760407788074,0.0
-9077183906192752180,0.0
-9075616197728653171,0.0
-9067851901381701873,0.0
-9067639428721297352,0.0
-9063713670752956671,0.0
-9053589539009530421,0.0
-9046715760803898130,0.0
-9043458279117009587,0.0
-9043009995398659595,1.0
-9028441328503489939,1.0
-9022785499985300487,1.0
-9019683491857434494,0.0
-9016228976375264045,0.0
-9013039941112988789,1.0
-9012749412247165180,0.0
-8994033678908334216,0.0
-8987789600148387610,1.0
-8983622642237867724,0.0
-8963309700769908699,0.0
-8963069315887088457,0.0
-8956935124639830598,1.0
-8951855959160467800,1.0
-8950860578874837113,0.0
-8948125345975348977,0.0
-8947928120276920373,0.0
-8945549610870513897,0.0
-8944565421606188977,0.0
-8941413366447868234,0.0
-8939644292863867665,0.0
-8938569665215585121,0.0
-8935597683244791815,0.0
-8918417506360375072,1.0
-8913712360023979401,0.0
-8907972272803294463,0.0
-8882439309822263933,0.0
-8880127327976785227,0.0
-8869795945541107611,0.0
-8864656987086098986,0.0
-8863234948079466529,0.0
-8853615743642840881,0.0
-8853192775444277796,0.0
-8846680840162704175,0.0
-8842201114753325154,1.0
-8838272385257164996,0.0
-8828534653360402116,0.0
-8814968324471217865,0.0
-8814543220756923945,0.0
-8800558015738362033,0.0
-8797060766819760095,0.0
-8794553614774073592,0.0
-8793430842889044610,0.0
-8786532201108726489,0.0
-8766011274275296712,0.0
-8757915833185083219,0.0
-8752408299244732160,0.0
-8751560077854020714,0.0
-8750912885163480242,0.0
-8741197472997933580,0.0
-8735575572419843797,0.0
-8735259073881553348,0.0
-8713283109605895399,1.0
-8705730318000402027,0.0
-8695509931950273854,0.0
-8687224294980752035,0.0
-8678798227340013141,0.0
-8677784902061652163,0.0
-8677508523131827096,1.0
-8674795656744241707,0.0
-8670217392605021257,0.0
-8666044732607268792,0.0
-8659762842323890849,0.0
-8659278014301295789,0.0
-8655534991869394578,0.0
-8634414549639932520,0.0
-8625182145152521731,1.0
-8623728656400627680,0.0
-8619128557398064300,0.0
-8618148774132000056,0.0
-8615506879583522929,0.0
-8606143215942723937,0.0
-8595727790477817163,0.0
-8591095419438037163,0.0
-8578880588126309798,0.0
-8578212824338850824,0.0
-8577792393317536620,1.0
-8574452377700246449,0.0
-8561423327816960832,1.0
-8559582679434714635,0.0
-8551671201020691182,1.0
-8550411181195785938,0.0
-8544459806934662886,0.0
-8543485434009017753,0.0
-8529471954137533693,0.0
-8527464266321243968,0.0
-8503724590558329933,0.0
-8494808587703643383,0.0
-8464067293137312380,0.0
-8460205811369223408,0.0
-8450922425577952245,0.0
-8436347145734114563,1.0
-8435971616743547275,0.0
-8433804764208668409,0.0
-8431318239598404460,0.0
-8422917020566495598,0.0
-8421549986658279358,0.0
-8407426926578377175,1.0
-8403695231657874687,0.0
-8399229353604133452,1.0
-8396443269727474775,0.0
-8394778639210471664,1.0
-8392012037212213039,0.0
-8384731243618977382,1.0
-8381076965836519659,0.0
-8371916396861047576,0.0
-8358743947999730479,0.0
-8350230188566390420,0.0
-8349487054844216068,0.0
-8343545218182999346,0.0
-8342762376767931693,0.0
-8336061556713059214,0.0
-8335747228828591575,0.0
-8333223701736589958,0.0
-8323609138852614767,0.0
-8319166934209921643,0.0
-8318776240242735443,0.0
-8318260777710731645,0.0
-8311493257364553539,0.0
-8309499138383013654,1.0
-8300683639512602571,0.0
-8296614990423902482,0.0
-8294823432801457999,1.0
-8294002000903981423,1.0
-8293191788875836022,0.0
-8290416939884277938,1.0
-8288260369793148733,0.0
-8284354866799538338,0.0
-8282667294912723854,0.0
-8273870980447582730,0.0
-8273489895398601712,0.0
-8260246799315164258,0.0
-8255360000791023836,0.0
-8244980416588377926,0.0
-8240913709359764832,0.0
-8240788757642876106,0.0
-8235907911483544383,0.0
-8231392216060244432,0.0
-8231063875016133603,0.0
-8227522011723858061,0.0
-8227328035356138525,1.0
-8221914164780704192,0.0
-8220306040511957394,0.0
-8217296743762191978,0.0
-8213380006780771719,1.0
-8205743230610021266,0.0
-8205009412016750251,0.0
-8195125407423743214,0.0
-8184866097297329747,0.0
-8182048716118790550,0.0
-8178794221651875833,0.0
-8176274913740130378,0.0
-8153138014691403116,0.0
-8151830723151265866,0.0
-8151385098535155251,0.0
-8150144086828015263,0.0
-8144138432975381729,0.0
-8129337604974351805,0.0
-8122793856995485354,0.0
-8121981605498348871,0.0
-8121210769111218244,0.0
-8117447821847168845,0.0
-8109104703030073432,0.0
-8106210437310728587,0.0
-8098146772002013996,1.0
-8093065694256774181,0.0
-8090265446192502988,0.0
-8078320742638476676,0.0
-8076452182791955698,1.0
-8075452485695825442,0.0
-8074531085104310569,0.0
-8042793237405002747,0.0
-8033903533016290346,0.0
-8020980685433376212,0.0
-8018252870366228618,0.0
-8010051282761871076,0.0
-8008816571143657754,0.0
-8008599329977273072,0.0
-8000075971810153499,0.0
-7981958631433083804,0.0
-7971919309843277839,0.0
-7961549525183553207,0.0
-7959627494972151208,0.0
-7958675616349506285,0.0
-7958449788377124753,0.0
-7951514367117530002,0.0
-7948455964657158749,0.0
-7944672870958562696,0.0
-7942292560760301014,0.0
-7939346933565183634,0.0
-7936976211036626909,0.0
-7919197214765273933,0.0
-7909286995130848680,0.0
-7907076100341421129,0.0
-7906856665011655781,0.0
-7906487394252295456,0.0
-7896785577767315960,0.0
-7888233992301201805,0.0
-7870748383925477607,0.0
-7864526559540691839,0.0
-7863345537307955770,1.0
-7855117834844046766,0.0
-7852224901493406581,0.0
-7843859246393883522,0.0
-7840225995401900106,0.0
-7821135473766546153,0.0
-7819107861482039255,0.0
-7808488363361805009,0.0
-7798840434164523867,0.0
-7797273690522592242,0.0
-7794011564371740325,0.0
-7794002709281832004,0.0
-7780770701960999657,0.0
-7779813634160980774,0.0
-7775947704384921553,1.0
-7772014931418252185,0.0
-7763282929425567628,0.0
-7719248930156041975,0.0
-7706540198680410681,0.0
-7703328255202137231,0.0
-7696914978946452415,0.0
-7693984332574705334,0.0
-7692834521497585391,1.0
-7684058876735705026,0.0
-7652498239829964062,0.0
-7644133540787153572,1.0
-7643134971125521313,0.0
-7642265328765237790,1.0
-7641341617585214613,0.0
-7636807997057383725,0.0
-7625680150432453416,0.0
-7623886743826217423,0.0
-7616627248143774287,0.0
-7616313058329171887,0.0
-7615929118054591297,0.0
-7614899839843001734,0.0
-7612733770841880577,0.0
-7588214425026216746,0.0
-7585568852283934046,0.0
-7582473558704729897,1.0
-7581589036449114606,0.0
-7575847564299984321,0.0
-7569717940603271658,0.0
-7565654422395029765,0.0
-7565259515992043652,1.0
-7556458982686354144,0.0
-7551876745979488796,0.0
-7542929883620794330,0.0
-7521962812990658312,0.0
-7513001564107558650,0.0
-7504543774342298471,0.0
-7478430331407094347,0.0
-7476569998397849990,1.0
-7469851565995036500,0.0
-7468942334204782395,0.0
-7467082215591570930,0.0
-7453747622170910212,0.0
-7448215392932796125,0.0
-7446095383608250615,0.0
-7441960390374364217,0.0
-7439415057802475538,0.0
-7430013240197160790,0.0
-7429856097546094874,0.0
-7428926801158313706,0.0
-7427939137414607852,0.0
-7406367745967885426,0.0
-7404762892681882188,0.0
-7404702396846820265,0.0
-7390204503017295661,0.0
-7374447787340227557,0.0
-7365127759715381855,0.0
-7363813890669698218,0.0
-7363376933688853775,1.0
-7362257839838690371,0.0
-7360339134506618919,1.0
-7357950914871654321,0.0
-7353045048570048122,0.0
-7351300886825209024,0.0
-7342936214520814403,0.0
-7337234978417437840,0.0
-7336445484819556709,0.0
-7328181789176442889,0.0
-7327891400828299176,0.0
-7316517274108942659,1.0
-7302719658169345688,0.0
-7302553420685761100,0.0
-7301713167983088518,0.0
-7293020270288786045,0.0
-7289916585797847093,0.0
-7286837432156540755,0.0
-7280549295712100842,0.0
-7268898767396024899,0.0
-7261235271314289713,0.0
-7258421316872734002,0.0
-7250416296287532597,0.0
-7249797150544472683,0.0
-7249560360850893206,0.0
-7247457468534556987,0.0
-7246955447000539942,1.0
-7246465981143392630,1.0
-7231542051056513666,0.0
-7216774175561961338,1.0
-7212597658013438612,0.0
-7209267114200577523,1.0
-7205172391474049711,0.0
-7200895208821354517,0.0
-7197774777582951136,0.0
-7197018901498815682,0.0
-7192569562203293687,0.0
-7184422561803067139,1.0
-7184038241613826163,0.0
-7172938767947518926,0.0
-7169479454772677388,0.0
-7166611210782400940,0.0
-7148925756308436302,1.0
-7144893864254394283,0.0
-7144144517029034886,0.0
-7135346570443249874,0.0
-7133560016934819162,0.0
-7128770579819832985,0.0
-7114738737813990797,0.0
-7104045945782159250,0.0
-7101903348865038987,1.0
-7092782369610049536,1.0
-7090709882568005044,0.0
-7089800410689848034,1.0
-7089753844052472350,0.0
-7082367228567500092,0.0
-7072600731943453465,0.0
-7069961563008109484,0.0
-7055373779255625213,0.0
-7049866956645347015,0.0
-7049377047405007189,1.0
-7042397538128482703,0.0
-7040705591192195983,0.0
-7038614191281389542,0.0
-7030158396775705152,0.0
-7020752862937202907,0.0
-7016429606793740663,0.0
-7011871785656794744,0.0
-7002036237270730636,0.0
-7001867563456982272,0.0
-7001204485162592333,0.0
-6992930704362619263,0.0
-6973545663325741245,1.0
-6970136284474442207,1.0
-6966844676300784126,0.0
-6958528291496015829,0.0
-6957638376393454652,0.0
-6944175748789580179,0.0
-6943142701215561972,0.0
-6936451590684862621,0.0
-6930378197055828246,1.0
-6927074478105351859,0.0
-6899339300741897730,1.0
-6887474993849980311,1.0
-6886747302039889055,0.0
-6881998641333248593,1.0
-6872026300941410885,0.0
-6868910818864150589,0.0
-6855688096807885777,0.0
-6854703061445306945,0.0
-6847914959079981997,0.0
-6810719227204617188,0.0
-6804775838574480284,0.0
-6802868660069542517,0.0
-6794951487942842984,0.0
-6793564556155731584,0.0
-6792446623372192435,0.0
-6789489213830853280,0.0
-6779927728283107529,0.0
-6775756266515304732,1.0
-6768422742113721163,0.0
-6764517533797191666,0.0
-6748636323209716225,1.0
-6747880670836682890,0.0
-6738311114834247483,0.0
-6731596053044622992,0.0
-6727049689386161236,0.0
-6720815946594024127,0.0
-6712145432992527582,0.0
-6697806548349945887,0.0
-6694746041583687233,0.0
-6682609287971117522,0.0
-6682063424928796837,0.0
-6681938435796614634,0.0
-6675274493654658895,1.0
-6672309521589185339,0.0
-6670266617773348023,0.0
-6669749105694474822,0.0
-6667927583552365360,0.0
-6666545817884862331,0.0
-6661918859291044886,0.0
-6652799866335964942,0.0
-6647484011545170453,1.0
-6646829535650939774,0.0
-6646745712710783882,0.0
-6642293779165407916,0.0
-6612310967699635742,0.0
-6612057912916549838,1.0
-6611752666992482694,1.0
-6611648913228900780,0.0
-6607342629371812428,1.0
-6606588099990920519,0.0
-6603805923090286303,0.0
-6601499067491362153,0.0
-6597765317520657470,0.0
-6578503786813951631,0.0
-6577089952065903563,1.0
-6573167340875491395,0.0
-6570458772690375373,0.0
-6558061773213265914,0.0
-6553715692827338949,0.0
-6534463040024356636,0.0
-6523808571159040169,0.0
-6515397403857795964,0.0
-6509795947903103293,1.0
-6501452336583624958,0.0
-6495686197651022305,0.0
-6492768487971662160,0.0
-6491381864467216111,0.0
-6488783717506756492,0.0
-6483403029117346652,0.0
-6480984483698428192,0.0
-6463045038859779917,1.0
-6460120485185302161,0.0
-6459471005825654653,0.0
-6458463875746215751,0.0
-6453431564605147712,0.0
-6450499257156931833,0.0
-6444915916872970195,1.0
-6442857818814278811,0.0
-6437664583201077527,0.0
-6435594237076202267,0.0
-6433922791937865072,0.0
-6423756628506927180,1.0
-6423616869878265461,0.0
-6419763848880206167,0.0
-6418300875193194215,0.0
-6408128670480001886,1.0
-6405560301813227440,0.0
-6399656543741941257,0.0
-6391989701438164192,0.0
-6390547540650601440,0.0
-6388220014094256689,0.0
-6383881291935599381,0.0
-6383639633368049387,1.0
-6375250388198728067,0.0
-6358179506398723167,0.0
-6356008080679075208,0.0
-6336724225431959636,1.0
-6333851184892665759,1.0
-6321261065369324224,1.0
-6318553227987398845,0.0
-6315628328231471062,0.0
-6313976789977660214,0.0
-6310974310443213999,1.0
-6306309282996857152,0.0
-6305278685886604946,1.0
-6290053420140411064,1.0
-6282855708786031528,0.0
-6282744557935300866,0.0
-6273335765645450628,0.0
-6271399430418717583,0.0
-6265654775649531587,0.0
-6260784308916731507,0.0
-6253281692174528644,0.0
-6247345875897529504,1.0
-6242255895183660956,0.0
-6232348306500522906,0.0
-6232089387446936952,0.0
-6222015408728876544,0.0
-6208204749148702263,0.0
-6197873102758053532,1.0
-6191270691187860483,1.0
-6183753253120703798,0.0
-6179482749082295596,0.0
-6167655604106886391,0.0
-6166289461172840270,1.0
-6153839045435441237,0.0
-6145927511613752687,0.0
-6141719004874193545,0.0
-6125798168146767721,0.0
-6125768527960579278,0.0
-6119553790285287704,0.0
-6116014582502419311,0.0
-6109091613448379165,0.0
-6107522771408313771,0.0
-6105167470935438092,0.0
-6092401906628381541,0.0
-6091867415731868901,0.0
-6088726406190268413,0.0
-6084764780615517818,0.0
-6084180386545949812,0.0
-6072615280161781228,0.0
-6053368330662322547,0.0
-6050771320219346075,1.0
-6038717822243482065,0.0
-6033139270287517658,0.0
-6032068684446791239,0.0
-6029499100141357460,1.0
-6029031588985626702,0.0
-6025332862256397983,0.0
-6025227241592855609,0.0
-6020307305786817239,1.0
-6018361013516398875,0.0
-6005257117524131432,0.0
-5992794737437516857,0.0
-5987308780841276558,0.0
-5981098145684888903,1.0
-5980984658519987590,0.0
-5978723463287836530,0.0
-5972211795810999994,0.0
-5969798462544415415,0.0
-5963219133026693640,1.0
-5962542461557976495,0.0
-5961968983730649432,0.0
-5947140952568407031,1.0
-5946879735848929478,0.0
-5941041106355103321,1.0
-5931301098699066994,1.0
-5930278197415852875,1.0
-5922356154730946536,0.0
-5918965220593193711,1.0
-5904823825039099742,0.0
-5899436578607216055,0.0
-5898212626124432527,0.0
-5892036604894175222,0.0
-5891451215572669171,1.0
-5885623692926548318,0.0
-5883285244442057047,0.0
-5875732260536918980,0.0
-5869314590902390947,1.0
-5867891627094172583,1.0
-5862808864945763649,0.0
-5853500606664712166,0.0
-5853137225321955148,1.0
-5846641854535355527,1.0
-5842100027030418357,0.0
-5836876248069724027,0.0
-5834262920288838845,0.0
-5827117789813175204,1.0
-5823857047174745119,0.0
-5813895464247534732,1.0
-5809746794863322452,0.0
-5804234507060336688,0.0
-5803352824792494637,0.0
-5800466977890027997,0.0
-5794473061668016532,1.0
-5793487845302729882,0.0
-5790442461176015419,1.0
-5782718814798828152,0.0
-5781585545563494983,0.0
-5779478089998565002,0.0
-5777101921510050978,0.0
-5762848642466724434,0.0
-5752634794870885101,0.0
-5751962214742038116,0.0
-5750376313227684042,0.0
-5745053296033548458,1.0
-5735091942367042099,0.0
-5724380870345550453,0.0
-5704582434991437474,1.0
-5702649871581745088,0.0
-5702228570404285694,0.0
-5691797324267098462,0.0
-5689768350401137217,0.0
-5679994483501199575,0.0
-5673681737312412608,0.0
-5672012392822631256,0.0
-5664332738266616074,0.0
-5654027521070278984,0.0
-5650681207944810311,0.0
-5646608263403299136,0.0
-5645771173915161080,0.0
-5644550531292470644,1.0
-5643742175588063459,0.0
-5642847619843859159,0.0
-5622162620887267046,0.0
-5620873579794088962,0.0
-5619017607951486948,1.0
-5614913588093106501,0.0
-5613165547524442694,0.0
-5611899356325411029,1.0
-5595806332916623660,1.0
-5582367125239779606,0.0
-5576004305362320013,0.0
-5575740102984341366,0.0
-5554456467885079741,0.0
-5551637534618695472,1.0
-5550108760873415868,0.0
-5533930424230785155,0.0
-5532452060609598925,0.0
-5517561509761394272,1.0
-5516380809417484650,0.0
-5510061736551807288,0.0
-5509392450649582982,1.0
-5496851290084592354,0.0
-5495966546814357374,0.0
-5488207072441537294,0.0
-5473187616123025639,1.0
-5471121594380224662,0.0
-5471027362984304998,0.0
-5464103611675432963,0.0
-5451496764177956415,1.0
-5441122103536689734,0.0
-5434519530325605602,0.0
-5430141006072924814,0.0
-5426472596504231365,0.0
-5416118492924962860,0.0
-5393930632602766772,0.0
-5390447492282961711,1.0
-5389830125535949631,0.0
-5383506351297875257,1.0
-5379272595054734658,0.0
-5369393607105308168,0.0
-5367144712180323003,0.0
-5357846708432325911,0.0
-5356549278546021355,0.0
-5347489953937119281,0.0
-5342185322570534260,0.0
-5337769572702073104,1.0
-5328214741164401490,0.0
-5327514885283625938,0.0
-5324499743791936046,0.0
-5322717529216294421,1.0
-5322060143074872192,0.0
-5313527808543809528,1.0
-5311736299350442722,0.0
-5309476402684896021,0.0
-5305886855768925434,1.0
-5293964384290368759,0.0
-5291409773095141449,0.0
-5288415073950703761,0.0
-5280873932494085076,1.0
-5273643147116126427,0.0
-5273523607825340349,0.0
-5272151193074902051,0.0
-5267737776707314720,0.0
-5262920259674395114,0.0
-5260548309630304687,0.0
-5259080106031752177,0.0
-5250880306781974054,0.0
-5244008853458846227,0.0
-5236343494636849904,0.0
-5228999417802709517,0.0
-5221124990251247747,1.0
-5217616006722507432,0.0
-5203236865400230325,0.0
-5191301805448749158,0.0
-5184320236178284655,0.0
-5179070271727208520,0.0
-5178046875586403515,0.0
-5175198410191237298,0.0
-5165159466352006931,0.0
-5162156624859951280,0.0
-5159192815347484135,0.0
-5149900814502236611,0.0
-5143759457335762799,0.0
-5139162736099586151,0.0
-5124090714773685865,0.0
-5121628699403258130,0.0
-5114682459678188744,1.0
-5105085444876979760,0.0
-5104224458829562292,1.0
-5099353859784513837,0.0
-5096815507558007038,1.0
-5095067662183747384,0.0
-5089916588155798907,0.0
-5080293978371771413,0.0
-5076912707454817086,1.0
-5060167055909622895,1.0
-5059567066360605086,1.0
-5054657963501737336,0.0
-5047191604674591485,1.0
-5046753592136530511,0.0
-5042084407052997110,0.0
-5024455213854265338,0.0
-5019042001848530027,0.0
-5009029217625407275,0.0
-5006821872410029691,0.0
-5001171617206190212,0.0
-4998288858584634439,0.0
-4983039561321144862,0.0
-4975943018389207829,0.0
-4973328764074667525,0.0
-4964220873369145004,1.0
-4958871591374586293,0.0
-4955843262279107535,0.0
-4937886413327796534,0.0
-4937089730706996188,0.0
-4933362002522174352,0.0
-4931451338239128351,0.0
-4930870596716819964,1.0
-4929770476480164628,0.0
-4926517217808764683,0.0
-4922859687804250890,0.0
-4917477401692139402,0.0
-4903792621868825341,0.0
-4899141911666267169,0.0
-4898293072003224259,0.0
-4896044580592140859,0.0
-4888468065743251708,0.0
-4880533542558664341,0.0
-4878730596962399827,0.0
-4866428600245019118,0.0
-4863353122633927923,0.0
-4862711246998389471,0.0
-4850260909397824002,1.0
-4846825189038281297,0.0
-4844863381378226333,0.0
-4844688407992644761,0.0
-4840348066165630041,0.0
-4837933960901783112,0.0
-4837382987405397820,0.0
-4831788262479918200,1.0
-4827998063934013173,0.0
-4826980177044385365,0.0
-4825574821092406593,1.0
-4817378678424416670,1.0
-4809130420661632368,0.0
-4800436804274993301,0.0
-4793807066517549695,0.0
-4787462607667840446,0.0
-4782815585063887161,0.0
-4780964692467881160,0.0
-4759174821250909931,0.0
-4752504662429739599,0.0
-4742310793454450183,0.0
-4740434946944291132,0.0
-4734426705767634597,0.0
-4734241247820358848,0.0
-4729079207384861045,0.0
-4726865737535085534,0.0
-4725894420756611113,1.0
-4724920594091160794,0.0
-4720493428606309269,0.0
-4716638502220337393,0.0
-4716343805978562721,1.0
-4713727009579746748,0.0
-4713312706493667154,0.0
-4698021214462496305,0.0
-4692118225747380519,0.0
-4681456536586115393,0.0
-4680877748576726410,0.0
-4675622305695326082,0.0
-4673137352627391871,0.0
-4665092367663943876,0.0
-4662778586367069091,0.0
-4646570771405300896,0.0
-4634653771821802308,0.0
-4629274613006726700,1.0
-4628363636334417209,0.0
-4623532621674961558,0.0
-4622892630562133404,0.0
-4619619870853951226,0.0
-4615920474439861226,0.0
-4604234606637118573,0.0
-4592516654945383362,0.0
-4591380167104439312,0.0
-4576054554653363116,0.0
-4572718619399597930,0.0
-4571843195184586389,0.0
-4570939178151847676,0.0
-4568383569063438779,0.0
-4566853196067518533,0.0
-4562518127832031692,0.0
-4562024634790612806,0.0
-4561538164951741866,0.0
-4529191601590926418,0.0
-4524747246636000347,0.0
-4517806729469865337,0.0
-4512693749414084257,1.0
-4509296090203636023,0.0
-4505932717435649434,0.0
-4500391383630687800,0.0
-4499329312751989910,1.0
-4486987654933810002,1.0
-4483728691792740621,0.0
-4462594584470815593,1.0
-4449883202639854088,0.0
-4447974710197962291,1.0
-4440136139612085538,0.0
-4436794997600339539,0.0
-4430457839101112461,0.0
-4425141015204750695,0.0
-4416445404860241597,0.0
-4415252440752889856,1.0
-4398625931994861896,0.0
-4396248871348280950,0.0
-4386646551873115642,0.0
-4385404879622544518,0.0
-4381970760565654990,0.0
-4381303554421742770,0.0
-4372960021963232571,0.0
-4372136915119970811,0.0
-4365506583272534038,0.0
-4360251878909594639,0.0
-4359609627155794817,0.0
-4353461882103986681,0.0
-4353398278192653880,1.0
-4345848131938767204,1.0
-4344429711641058647,0.0
-4340410590151021130,1.0
-4333167562245366525,0.0
-4326003633980468404,0.0
-4312821606787083926,0.0
-4307027051191496225,0.0
-4304087073249410276,0.0
-4297879332144917450,0.0
-4296128471691975556,0.0
-4295777382338309353,0.0
-4294347909992520196,0.0
-4285753379282366869,1.0
-4283621738494890494,0.0
-4283006047281445876,0.0
-4280669174274198877,0.0
-4269770969587686339,1.0
-4263090381097173127,0.0
-4259365165269550135,0.0
-4248666134860986376,1.0
-4247278790122944875,0.0
-4230928179518758200,0.0
-4218918833075899527,0.0
-4215120469629912297,0.0
-4209943219009065020,0.0
-4201342885230580144,0.0
-4197669456264181885,0.0
-4197435349695427981,0.0
-4193596143000545845,1.0
-4184823688863868228,0.0
-4158969377620397027,0.0
-4133065225714024188,0.0
-4132236560337540769,1.0
-4121016203739502985,0.0
-4114014307425799931,0.0
-4109934054354610136,1.0
-4108686878415763223,0.0
-4108303819612699166,0.0
-4106507261132537882,0.0
-4103253186384422156,1.0
-4093776604745549171,1.0
-4085565132885436454,0.0
-4070797839120634682,0.0
-4065161970303471950,0.0
-4058886217214391492,1.0
-4058619054897285268,0.0
-4055943013538500378,0.0
-4055286362881576990,1.0
-4051271614700129428,0.0
-4050035389090828375,1.0
-4044166613128957598,0.0
-4043712160686008004,0.0
-4036704813312117561,0.0
-4031710716830651750,0.0
-4027977594387985427,0.0
-4025669436852007498,0.0
-4011292276551550657,0.0
-4005662001090685417,0.0
-4003441975972467351,1.0
-4002861706078790951,0.0
-3996543905908128330,0.0
-3984297669209010266,1.0
-3978443659763256912,0.0
-3974897594069694706,0.0
-3972712274019580403,0.0
-3965687231513349180,0.0
-3941514915931086725,0.0
-3934193728336325170,1.0
-3932535067584188350,0.0
-3928792555830048406,0.0
-3927842936465792349,0.0
-3919161563324332297,1.0
-3907902177458638590,1.0
-3907611285829099676,0.0
-3903133058008298026,0.0
-3878556062874165577,0.0
-3872508602011814711,1.0
-3867968659326639428,0.0
-3867803797660283037,0.0
-3858870972280234720,0.0
-3844104935334738231,0.0
-3827219007894075583,0.0
-3817679821049955535,0.0
-3803256663735571990,1.0
-3798992968155660498,0.0
-3797009316745819899,1.0
-3793136207722000944,1.0
-3782083686548501891,0.0
-3776902495496280284,0.0
-3756543027545765487,0.0
-3753167335123543507,0.0
-3749585882023546114,0.0
-3747785733357080668,0.0
-3740207189923514696,0.0
-3731775856136694010,0.0
-3728420392447615813,0.0
-3727505027526243166,0.0
-3726950771994718801,0.0
-3720506493120874071,1.0
-3711927594677421805,1.0
-3708364558058749730,1.0
-3707413891679000704,0.0
-3704183433598830296,0.0
-3703567998335530463,0.0
-3701205812635170313,0.0
-3695690076277561231,0.0
-3695261840354900276,0.0
-3693826776418002510,0.0
-3686637920821221362,1.0
-3683844498331272425,0.0
-3671983887634871062,1.0
-3660829839622086243,0.0
-3660490946541775526,1.0
-3656537828486089575,0.0
-3655256443955104122,1.0
-3641158514771697000,0.0
-3640633922904353924,0.0
-3637270607318636352,0.0
-3631986997293798722,0.0
-3625839501436574264,0.0
-3609884857514302960,0.0
-3606595417158837568,0.0
-3606306772196674691,1.0
-3600263184289953072,0.0
-3599717223710582346,1.0
-3598076720677916875,1.0
-3595978313197933721,0.0
-3595235425265891537,0.0
-3586873423798809107,1.0
-3580722883449021288,0.0
-3572816940969509034,0.0
-3569246391430889182,1.0
-3558786665248969422,0.0
-3555105705185744456,0.0
-3535704484869786719,0.0
-3525103862381109556,0.0
-3519022017224853525,0.0
-3517559531455724818,0.0
-3513550839702422641,0.0
-3508314943630089019,0.0
-3504629964814829138,0.0
-3501781513102399481,1.0
-3480312320544887942,1.0
-3477631670435585490,0.0
-3469525853949875268,0.0
-3467248072040721769,0.0
-3461280666722697218,0.0
-3458110475958898052,0.0
-3452491993137501335,0.0
-3424514617629093691,0.0
-3415071828882918544,0.0
-3414902558208391245,0.0
-3413670882233225720,0.0
-3405356278382978016,0.0
-3390947855936463334,0.0
-3385424819211085267,0.0
-3381599835452936953,0.0
-3380230709291978393,0.0
-3378432933962995774,0.0
-3367434920778598207,0.0
-3359959131847923004,0.0
-3358619237738171728,0.0
-3356096252004628105,0.0
-3347954880764192032,0.0
-3346191771990201693,0.0
-3338122381924126287,0.0
-3333356988418787454,0.0
-3330642381062041338,0.0
-3325589168478686668,1.0
-3314462583748029407,0.0
-3278773139493799897,0.0
-3270914370654662764,1.0
-3268945394380073820,0.0
-3262227894513957499,0.0
-3262075757455595487,0.0
-3258821825820698021,0.0
-3256013048716530000,1.0
-3248736231005609312,0.0
-3246527374864689159,0.0
-3242458883882863923,0.0
-3238962271816850928,0.0
-3233420469559602879,0.0
-3216603364656223711,0.0
-3199173630860495484,1.0
-3196490483555451389,0.0
-3195745162931609250,0.0
-3191740303203551314,0.0
-3190915773180083308,0.0
-3186313713634498549,0.0
-3174363228914448682,1.0
-3167414803910608797,0.0
-3165093309339977508,0.0
-3160581589720359503,0.0
-3154851606627538032,0.0
-3146802494029574580,0.0
-3146290612134375280,0.0
-3140021972181149267,0.0
-3139320440890955610,0.0
-3136570294781110799,1.0
-3130354685741026906,0.0
-3126590637974072413,0.0
-3125528318767930299,0.0
-3123895217662680954,0.0
-3114967475456861530,1.0
-3110621407427796022,0.0
-3101916907433640826,0.0
-3098041607423165385,0.0
-3092989035431267231,1.0
-3081326662390678039,1.0
-3060114566273741979,0.0
-3058763835822086492,0.0
-3056424111159917834,0.0
-3052238701360125114,0.0
-3051541173012177969,0.0
-3046483133856039534,0.0
-3022350817683399295,0.0
-3021725199030809805,1.0
-3015257511995757791,0.0
-3006949738536862259,0.0
-3003633898758506600,1.0
-2999648041624872899,0.0
-2998957002532245955,0.0
-2998397879693247119,0.0
-2990792728001355983,0.0
-2984179868061805361,0.0
-2981653232058702903,1.0
-2980619923331392715,0.0
-2978915142684562526,0.0
-2977342853929786256,0.0
-2969979707001035354,0.0
-2964080964859790898,1.0
-2964040110516147458,0.0
-2963175907427895983,0.0
-2954033797754361403,0.0
-2944860934203491621,1.0
-2942559794148134533,1.0
-2936118212670150645,0.0
-2935416828025142547,1.0
-2932907521774179551,0.0
-2928006513713979364,1.0
-2926333347780485533,0.0
-2924366668377832733,0.0
-2919949976657938502,1.0
-2911228666872598570,0.0
-2907301108506298168,0.0
-2899391058723585673,1.0
-2876796634062669720,0.0
-2873843699537041777,0.0
-2867500955554575641,0.0
-2867235829875895445,1.0
-2862368918130373896,0.0
-2857001119460445118,1.0
-2855095113723008361,0.0
-2846019645159033778,0.0
-2842738275332645724,1.0
-2832573512024916222,0.0
-2832073827799169575,0.0
-2821118068650324708,0.0
-2812241418026676628,0.0
-2811634669822285063,0.0
-2810660391499701815,0.0
-2810033054265459379,1.0
-2799693097940098146,0.0
-2790963668214222092,0.0
-2788958020499243967,0.0
-2787181902933117470,0.0
-2786887921196468825,1.0
-2782069588875890751,0.0
-2771344095384693809,1.0
-2770806390103277180,0.0
-2769535947175616962,1.0
-2760741199050942045,0.0
-2757058165772466051,1.0
-2756074234770531251,0.0
-2754664174817324433,1.0
-2749726155622747178,0.0
-2744283074038071262,0.0
-2735984188166853116,0.0
-2734024216523693037,0.0
-2729590328700761055,0.0
-2726279315398054986,1.0
-2722531515836461353,1.0
-2721584545447402375,0.0
-2721057479920843049,0.0
-2718165049875356212,0.0
-2709435439287162664,1.0
-2709146183854664077,0.0
-2702584859825707195,0.0
-2699611437742083817,1.0
-2679316310235365490,0.0
-2676782950694635680,0.0
-2676200609662782925,0.0
-2654546445918064053,1.0
-2651209523261981425,1.0
-2649749947427248381,1.0
-2649270280430784662,0.0
-2648825633149863174,0.0
-2648437617786479131,0.0
-2648072535078846149,0.0
-2645112362403068416,0.0
-2620056312899697525,0.0
-2612220655322801118,0.0
-2607155171312702930,1.0
-2594734807200053497,0.0
-2588446932158692864,0.0
-2587158607070204899,0.0
-2586651059250532529,1.0
-2584674934525856763,0.0
-2575451106364333448,0.0
-2573404046446387800,0.0
-2571532661449846844,0.0
-2567391799426621017,0.0
-2553627477270216480,0.0
-2552795933441873287,0.0
-2542208448652332903,0.0
-2532811192120361917,1.0
-2527927387696776408,0.0
-2520191359798005982,1.0
-2514649941320582771,0.0
-2514569501781675033,0.0
-2509899101214724969,0.0
-2503328804475356093,0.0
-2501310988838278986,0.0
-2488679453195189572,0.0
-2483288437966086605,0.0
-2479460339874994352,0.0
-2478439169862816858,0.0
-2476197729858024226,0.0
-2475213609915496776,0.0
-2470458753806304139,0.0
-2469056536825410547,0.0
-2459053794532005519,0.0
-2454665557499891508,0.0
-2453338316191981513,0.0
-2437663640336535800,0.0
-2432008312724023763,0.0
-2430465949167363789,0.0
-2429774967316501539,0.0
-2426829846575415398,0.0
-2420567926722380245,1.0
-2402218143451709652,0.0
-2398766889969445988,1.0
-2395696251157291241,0.0
-2392874111167588394,0.0
-2390887610595178613,0.0
-2385750651875366476,0.0
-2384829313716496937,0.0
-2382528986697462696,0.0
-2358886650810326161,0.0
-2357531449790428425,0.0
-2350844485360985320,0.0
-2350103870957261710,0.0
-2348897491817688621,0.0
-2330238941647477459,0.0
-2327215021318172185,0.0
-2318403417965670905,0.0
-2313304268738842840,0.0
-2308480024053475487,0.0
-2297252544782534154,0.0
-2296548971541522834,0.0
-2286339480035140490,0.0
-2283879052521490447,0.0
-2279177630188348502,0.0
-2274749183046501655,0.0
-2274484831880375076,0.0
-2274277663538223363,0.0
-2268683297445930841,0.0
-2263561993309963607,0.0
-2258717162275739911,0.0
-2244721795829201285,1.0
-2240141334520299803,0.0
-2239338324944540163,0.0
-2237890915644098150,0.0
-2233110272108366043,0.0
-2232613473092604972,0.0
-2230729142088953658,0.0
-2219610495974904911,0.0
-2217490020798923665,1.0
-2214612178658119421,1.0
-2214470161902599559,0.0
-2211304808281344572,0.0
-2208055751295324471,0.0
-2199193591252655413,1.0
-2193468731647501831,0.0
-2179083039824038988,0.0
-2175726689435072386,0.0
-2175183578450695091,0.0
-2169248351795226315,0.0
-2145358570494142008,0.0
-2138601381293558675,0.0
-2131840749009103530,0.0
-2117380075891570629,0.0
-2113725312881426837,1.0
-2112233671457997245,0.0
-2106636746171130228,0.0
-2106356818160928869,0.0
-2099107820373324148,0.0
-2097999964716884326,1.0
-2094085522414272200,0.0
-2088256862603178846,1.0
-2087414833147007633,0.0
-2083643872431077167,0.0
-2081486544549326510,0.0
-2081336896341710285,0.0
-2076505353708087584,0.0
-2075723209512469309,0.0
-2071431369406462625,0.0
-2057404957462422864,0.0
-2056531851143170686,0.0
-2054336852416376769,0.0
-2042226779892839402,0.0
-2033047716097139104,1.0
-2017828397589445921,0.0
-2015604411059502750,0.0
-2009718990606353431,0.0
-1994415805383334552,0.0
-1988985697769275363,0.0
-1987710324879633477,0.0
-1984149633080298885,0.0
-1979988497374840052,1.0
-1973537211742740354,0.0
-1971957684588928354,1.0
-1960995650552739305,0.0
-1960047032817240602,0.0
-1943915821448842040,0.0
-1935161692146974748,0.0
-1922361202036472371,0.0
-1920601659272078759,0.0
-1907941417897688712,0.0
-1907751030431484971,0.0
-1899713834019089910,0.0
-1897704145965120068,0.0
-1897194997675872701,0.0
-1891861717432008125,0.0
-1889714957767907457,0.0
-1888806176548893531,0.0
-1880135032156738027,0.0
-1876265595158917352,1.0
-1875250513518278690,0.0
-1872125549991882838,0.0
-1863463630562965796,0.0
-1850482287425073207,0.0
-1848989052959929914,0.0
-1843306735567741887,0.0
-1843212912524830756,0.0
-1840056912806301491,0.0
-1835197659666213879,1.0
-1829843349656606959,1.0
-1828261165773253463,0.0
-1822892237271667131,0.0
-1822561547051721144,0.0
-1822461282816734162,1.0
-1808613790090531322,0.0
-1801519581121348754,0.0
-1801482621000039944,1.0
-1791830751055089902,1.0
-1790683927234319828,0.0
-1789426505121677876,0.0
-1774091935941965815,1.0
-1768215136115159749,1.0
-1764909940235252191,0.0
-1763519948878894089,0.0
-1757485901084017208,0.0
-1743088971543788731,1.0
-1740811048775411070,0.0
-1739741050815882766,1.0
-1737666981770011298,0.0
-1727362019094993413,0.0
-1722599234412406112,1.0
-1717749543907092895,0.0
-1711800583754823462,0.0
-1705095285125792901,0.0
-1702396790039464911,1.0
-1691278285048472157,0.0
-1682950653872594736,1.0
-1677945246650938953,0.0
-1677759147301904751,0.0
-1675942746863382978,0.0
-1672722383711317405,0.0
-1653913891418346864,0.0
-1646331568496108058,1.0
-1638186090167312948,0.0
-1634228995633186441,0.0
-1628119596499301532,0.0
-1625414755499994764,0.0
-1625312292438131367,0.0
-1619766030785184486,0.0
-1619063068724140978,0.0
-1618135021533557721,0.0
-1616247669749521361,0.0
-1609826160124366138,1.0
-1609540822670586195,0.0
-1606087964294691305,0.0
-1601971157335216610,0.0
-1599365473482909773,0.0
-1586118459028027925,0.0
-1576863803751253918,0.0
-1576822515542763069,0.0
-1567869068333664091,0.0
-1566884395344610658,0.0
-1566379304697827054,0.0
-1558120935991325064,0.0
-1551070286469140051,1.0
-1548282962184211502,0.0
-1542710382627654335,0.0
-1533723156500726536,1.0
-1526472325748097817,0.0
-1517838469789429913,0.0
-1514135635594312325,0.0
-1510249908879859097,0.0
-1492481595445199794,0.0
-1490301609278758603,0.0
-1488895602300072019,0.0
-1486903270592851003,0.0
-1484126541389257693,0.0
-1481874477444343195,0.0
-1481479128842913640,0.0
-1465579251936778304,0.0
-1460256418855955688,0.0
-1460201086222656641,0.0
-1457731074451224638,0.0
-1455587686421958496,1.0
-1451221362991407505,1.0
-1447808458739048223,0.0
-1435931977513666305,0.0
-1433172999930182485,0.0
-1430020146422901555,0.0
-1422734708706498657,0.0
-1417205829565574943,0.0
-1408295699525314222,0.0
-1401183010980982633,0.0
-1392241420498170364,1.0
-1386253628758277324,0.0
-1379234317029962760,0.0
-1377674481389790057,0.0
-1369433083088550307,0.0
-1360791829512764241,0.0
-1354869299883037736,1.0
-1354502107900658606,1.0
-1354320478483591325,0.0
-1353497831779423018,0.0
-1349119651877211198,0.0
-1348848645383094901,1.0
-1338506284830221221,0.0
-1333374003402152553,1.0
-1333249816767495883,0.0
-1329595002180553479,1.0
-1326559218929183048,0.0
-1326179396322038117,1.0
-1325950255660938661,1.0
-1321731613834714449,0.0
-1312156470366432272,0.0
-1308462583532903855,0.0
-1300717910049975138,0.0
-1291172493090964061,0.0
-1288127327967403241,0.0
-1281930669057822070,0.0
-1281450377960017399,0.0
-1279429100771282333,0.0
-1272046983494505813,0.0
-1260593533667833227,0.0
-1247090283303195184,0.0
-1243203327156765245,0.0
-1238068446729641697,0.0
-1232252577338084190,0.0
-1227660985066310085,0.0
-1223553846436095854,0.0
-1223148977121315502,0.0
-1218711242384643124,0.0
-1214433052358080960,0.0
-1214058465663691309,1.0
-1213438424544179332,0.0
-1213269892102149087,0.0
-1208449469094300265,0.0
-1204953327757928845,0.0
-1204272604861418012,0.0
-1198444261260371751,0.0
-1195851242668681196,0.0
-1192899767171109514,1.0
-1189388942202215477,0.0
-1183464245410185393,1.0
-1183326821690687312,0.0
-1179336771626854836,0.0
-1178080466818147999,0.0
-1150899219828422478,0.0
-1148903776842274815,0.0
-1147706124148628030,0.0
-1140437546785277824,0.0
-1133868878221437282,0.0
-1131609798946250900,0.0
-1117256142490371698,0.0
-1112373673735214814,1.0
-1106248863438348959,0.0
-1105669875742250793,0.0
-1104638271951698929,0.0
-1103811366578800163,0.0
-1100662374894497785,0.0
-1099520249235298270,0.0
-1088826819942658529,0.0
-1083050898776590115,0.0
-1079995089238986681,0.0
-1079258025197495154,1.0
-1077350591088729241,1.0
-1069186614616434021,0.0
-1067315533334468701,0.0
-1063438139701321533,0.0
-1062568256895852012,0.0
-1060171091934090964,0.0
-1059381619832732588,0.0
-1052759919177227296,0.0
-1049785356217320632,0.0
-1046883058434952003,1.0
-1041428176890247958,0.0
-1040192759060362898,0.0
-1038566079268782438,0.0
-1038412578742823417,0.0
-1035353859258040392,0.0
-1034610271986950057,1.0
-1034407031582867246,0.0
-1014863063622496511,0.0
-1013127639799819005,0.0
-1011927607337493927,0.0
-998788860362462967,0.0
-998638808490958367,0.0
-997596877259785194,0.0
-992587756469742621,0.0
-989192045738655661,0.0
-985098969215471142,0.0
-984375161430672256,0.0
-959391067435119959,0.0
-956076048583571014,0.0
-952878194214235741,0.0
-948753033711348634,0.0
-919740271395393000,0.0
-911617699443743191,1.0
-902842514544302279,0.0
-901637966872042727,0.0
-888931342421454365,0.0
-887669780053441264,0.0
-881886096645579704,0.0
-880674526844884821,0.0
-874484981646169900,0.0
-871257705882195318,0.0
-868460274696665480,0.0
-864320562343030317,0.0
-856957153365054079,0.0
-851855679205484124,0.0
-840022764797255356,0.0
-837273892441282369,0.0
-836718041702646584,0.0
-831018101084143783,0.0
-819489866643917909,1.0
-815810306290798835,0.0
-815097203762193833,0.0
-803718012719876014,1.0
-801861975607658944,1.0
-800907732477676979,1.0
-799316468656818172,0.0
-796303797398154521,1.0
-788565414469664733,0.0
-775005217206691591,0.0
-770080200219667664,0.0
-765120652166010860,0.0
-754606786212564376,0.0
-742849361361173645,1.0
-732363894688947334,1.0
-720061980901870774,1.0
-707115717273520754,0.0
-701997607566604401,0.0
-697567530908419272,0.0
-682096880031501559,0.0
-680987441055128845,0.0
-678739951681984770,0.0
-674964934389897915,0.0
-673413394738828048,0.0
-671705274033768566,0.0
-662523008295323269,0.0
-647646198449036799,0.0
-646329294962112558,0.0
-634458771929998484,1.0
-632149149636893223,1.0
-631844695326603749,0.0
-631607788669200838,0.0
-623348410291254938,0.0
-616952620533022122,0.0
-614468868222247976,0.0
-600051253200906718,0.0
-597910747496438688,0.0
-573080344150547874,1.0
-562844899298929680,0.0
-550029531445524312,1.0
-527828142229581620,0.0
-494312755368784960,0.0
-491666372038847312,0.0
-476623872972184110,0.0
-473576436664244557,0.0
-472959191141778560,0.0
-465959247418566405,0.0
-460637042700641701,0.0
-459916831899512073,0.0
-430540056202271760,0.0
-430073203948930298,1.0
-429653483906713090,0.0
-429083826665581722,0.0
-427104918534506742,0.0
-422590136460847393,0.0
-419661569981442287,0.0
-413800981716665828,0.0
-413258842713001091,0.0
-410824834172887732,1.0
-408223565428736773,0.0
-406145823355747411,0.0
-400409584334773742,0.0
-398387283714597417,0.0
-394976309436751165,0.0
-389060738917320830,0.0
-378823532647198007,0.0
-372013921054290128,0.0
-370175158361236382,1.0
-369642034156458708,0.0
-369091306792564674,1.0
-362048207449591321,0.0
-361896271521592376,0.0
-360922564321850522,1.0
-342395796439287442,0.0
-341007867304442299,0.0
-332106802305381078,0.0
-325866955290363501,1.0
-321526231239917989,0.0
-319598730370109686,0.0
-311806457887809238,0.0
-296597188595195214,0.0
-287422475027434487,0.0
-281706978439155245,1.0
-270156419796296357,0.0
-268560229620684851,0.0
-265077358371362748,0.0
-259406581514177739,0.0
-234052053167007759,0.0
-233642763864087644,0.0
-221465617551367294,0.0
-196718407255441413,0.0
-195035962244662236,0.0
-188705804393044228,1.0
-188426578251219039,0.0
-182322637337579258,0.0
-179923059624918035,0.0
-178605724363940846,0.0
-178038815216497864,0.0
-163190982385806054,0.0
-162734526321935135,0.0
-149108424535363001,1.0
-146415230676039836,0.0
-136794880725446995,0.0
-133753118188696238,0.0
-115512404428027952,1.0
-111670404904715687,0.0
-108611835640430172,1.0
-101964469602246420,1.0
-87914532596145636,0.0
-85537098202265408,0.0
-81995472655679710,0.0
-80373024834475750,0.0
-79541223766549474,1.0
-73136793350828652,0.0
-69993237158325287,0.0
-65596782591834371,0.0
-60222596068599491,0.0
-59464245173924937,1.0
-56116729139893024,0.0
-40923730472673849,0.0
-36973512833325186,0.0
-36262392413487773,0.0
-32799505222015118,1.0
-30128317613495103,1.0
-25366246249250003,0.0
-15116742756762695,0.0
2143209496674308,0.0
6777808018335310,0.0
7114135859191435,0.0
9956672276287162,0.0
10167381825618802,1.0
12997167164272622,0.0
15397265647302071,0.0
16225284949824516,0.0
19597046526036675,0.0
21955153356421134,1.0
28606670785124818,0.0
33136825693877006,0.0
36318714635673055,0.0
36408865044426344,0.0
39204475394876131,0.0
39497406953211616,1.0
39744775023366795,0.0
48501393623551636,0.0
55217851003067522,0.0
62637539915637330,1.0
63072283653406687,0.0
65624733459568027,0.0
67067249389571209,0.0
77637824078103355,1.0
81274914099003687,0.0
82055681049270977,0.0
83417137582829860,0.0
83733089536238812,0.0
84833051807320811,0.0
103853915965432666,0.0
106188709569122415,0.0
113718576487314806,1.0
113813537426960185,1.0
118865761738080007,0.0
121055555346261845,0.0
123737336438684183,0.0
125052752217607105,0.0
134245111244775572,0.0
145466505400705919,0.0
149756763437103983,0.0
149975528946286514,0.0
157732247923197439,0.0
162398301189266608,0.0
169407346523708616,0.0
170441331296579935,0.0
173239989881084681,0.0
174471885565694663,0.0
192627837082136064,1.0
206102052740553893,0.0
209980080273135149,0.0
211811265875674329,0.0
214704124864576365,1.0
219583758801017804,1.0
226509794228613347,0.0
228313281745649192,0.0
229062317135106827,0.0
234815217187548632,0.0
244227856761230330,0.0
262734246888460115,0.0
265974022012994795,0.0
270685193619882369,0.0
282982550856256786,0.0
294579159361625527,0.0
295462075720798975,0.0
305210055289986281,0.0
316268263009086780,1.0
321539327392157587,0.0
336979302942977839,1.0
342434973894639650,0.0
348163408980744401,0.0
351655018825028688,1.0
361505520752864826,0.0
376182818031823651,0.0
381936973241659631,0.0
382036791618594181,0.0
383250732716192879,0.0
383869598864561400,0.0
385759811813662784,0.0
389332463476120421,0.0
393245550978505362,0.0
397057203820172969,1.0
399965016047876676,0.0
428783056383673199,0.0
429326276424121423,1.0
430756778768802271,0.0
437165396757566254,1.0
439163860130021829,0.0
441214216572999484,1.0
451932382535640585,0.0
459067090858560132,0.0
462013775239214586,1.0
462086317971935468,0.0
464996206820517282,0.0
478838089621059090,0.0
481238367258615733,0.0
483694342829034172,0.0
490265969639009839,0.0
490933982248003751,0.0
504354378146845497,0.0
514026483503419508,0.0
519505776724632116,0.0
519962432887379177,0.0
523747891781061412,0.0
530563990324264899,0.0
534724918230185865,1.0
549551016510403684,1.0
555671428065092908,1.0
561334937021351006,0.0
568612030186167089,0.0
572978930630621514,0.0
573486342396657242,0.0
581028789981735583,0.0
585117560650148043,0.0
591000115420628643,0.0
598835099868550508,0.0
601801915446266865,0.0
607734903808213575,0.0
611734044786876349,0.0
611782698407537513,0.0
626702126185890902,0.0
633025829845757795,0.0
634138500290195346,0.0
638852523448532622,0.0
641587026296265051,0.0
645323812416925540,0.0
645428080893603675,0.0
646979796473325234,0.0
647428464529938224,0.0
651569595456508196,0.0
652613084122964190,1.0
654004658159746768,1.0
661486202656379837,1.0
663428774155974944,0.0
664975054037513470,0.0
668825585483220796,0.0
676061913321490932,1.0
682885710375743549,0.0
683907685114321936,0.0
697126357229055201,0.0
704194497562910046,0.0
708492859057445252,0.0
712516751237408496,1.0
712826047771738420,1.0
716149018459679122,0.0
716248871068551926,1.0
721020284990006242,0.0
728713163280968372,0.0
741836536486774740,0.0
746815031426907518,0.0
747371559668424487,1.0
751129110745700259,0.0
751136107911879410,1.0
755961663469583700,0.0
759151079213672645,0.0
759930006827942157,0.0
761784335478871263,0.0
790693568890500276,0.0
794424021503697407,0.0
794865698557666623,0.0
800083896657947333,0.0
801768447787275630,0.0
808308154749349707,1.0
809615412496391179,0.0
814184729784739856,0.0
814225554033950638,0.0
824013520799432955,0.0
830811525388990903,0.0
838273450260542917,0.0
840145613383518558,1.0
841635845079627053,0.0
842546322913450584,0.0
851428128835172061,0.0
852525878509950654,0.0
858981841774125244,0.0
864008012905835954,0.0
867388487005078113,0.0
868986176784836753,0.0
877026204205781946,0.0
880013616969428551,0.0
891050869478269915,0.0
893063806909367604,0.0
902118274549278430,0.0
905571980652267090,0.0
909852155434873015,0.0
912933009701832301,0.0
915272517144693587,0.0
915664364463585437,0.0
919819693623390536,0.0
921442233662145657,0.0
927769899917390075,0.0
937395984588856225,0.0
938817623677973814,1.0
944925255755357048,0.0
949387492464544614,0.0
951672227383554393,1.0
955311540329872184,1.0
958901432015618001,0.0
967529222469335339,1.0
974524970863759753,0.0
981787335643261728,1.0
984339883524370563,0.0
987507421137173700,0.0
988019696077185783,0.0
1005584312590597974,0.0
1009443406902823004,0.0
1018060698462507663,1.0
1020434179042283038,0.0
1023051355018973695,1.0
1024406950507753570,0.0
1035384546083987351,1.0
1036606240842131649,0.0
1041590189245563305,0.0
1048069379490338642,0.0
1049533745001224663,1.0
1049756878197196454,0.0
1050522954022621970,0.0
1054041272465644727,0.0
1056232731032803445,1.0
1058696920578538608,0.0
1059332930869132490,0.0
1078161830484954886,1.0
1087535915594755166,0.0
1090939520231391208,0.0
1096117708696740194,1.0
1111318804920086720,0.0
1112338324294564387,0.0
1126436870319041995,0.0
1128715116271145048,0.0
1130147553680541487,0.0
1139502073008366552,0.0
1142059788958399457,0.0
1142515237164088259,1.0
1142697923647736374,0.0
1144198006082186879,0.0
1154207746260958657,0.0
1157166931698260753,0.0
1160310684002125525,0.0
1160546825049198589,0.0
1160993211368747932,0.0
1168410369238768622,0.0
1182733831752946846,0.0
1183652965044760990,0.0
1189733199332272969,1.0
1189941652491109363,0.0
1202301360317112758,0.0
1208516020719337793,0.0
1220162953804603405,0.0
1254902038528668984,0.0
1264186744002632996,0.0
1266827157166317508,0.0
1277270689708860948,0.0
1291378430649552037,0.0
1292272960948344204,0.0
1294061641228863111,0.0
1298692275751445675,0.0
1300202878014659049,1.0
1303338752309029359,0.0
1303947509496095743,1.0
1312327927236365904,0.0
1318501880306585449,0.0
1320391641679225993,0.0
1329397389133409611,1.0
1333032044951069249,0.0
1335353357735039593,0.0
1343691803967931026,0.0
1345548218921780446,1.0
1353417536237732063,0.0
1358703679375241385,0.0
1367270244322955430,0.0
1369783759373416884,0.0
1370335971819609137,0.0
1372407599360603555,0.0
1376939971842315820,0.0
1377083740429611674,1.0
1379761839935517607,0.0
1382859942660981428,0.0
1388660044063294277,0.0
1394396725125254798,0.0
1399368755907889146,0.0
1399404721205319590,0.0
1404664757136893401,0.0
1407826860337788519,0.0
1409399603159812793,0.0
1412624702066369315,1.0
1422352323161781139,0.0
1423356723965296273,0.0
1424320263096896243,1.0
1426880394266683206,0.0
1433218602137546094,1.0
1450989342156813891,0.0
1451797661375187490,0.0
1460289708014737060,0.0
1461392689630718091,0.0
1470096427363609130,0.0
1477475539399904660,0.0
1479594347130974531,0.0
1484538567816511125,0.0
1493140907487612116,0.0
1494564588926485237,0.0
1497164592963326138,1.0
1501672158681816752,0.0
1503615971176140563,0.0
1514981181406582451,0.0
1517569592222144331,0.0
1529623445722426287,0.0
1534765388633257873,0.0
1540751939423863635,0.0
1541844097917430367,0.0
1545307422114355807,0.0
1551689610936966316,0.0
1555203276075282464,0.0
1562719997659829413,0.0
1562989107890821079,1.0
1568422522250701653,0.0
1574485604737965785,0.0
1580046627999203543,0.0
1592196388528554752,0.0
1597193361602049634,1.0
1603275486223365007,0.0
1606863014069516422,0.0
1607723149431540181,0.0
1615179483040974179,0.0
1615434399279110744,0.0
1627002691015441869,0.0
1627465786998580500,0.0
1630553478218594129,1.0
1630589069617981626,0.0
1635054108685681377,0.0
1647424432944423535,0.0
1648519086421974064,1.0
1649984332272465675,0.0
1657167128823060606,0.0
1679263840627654961,0.0
1687445099701391551,0.0
1689966615358574748,1.0
1690394627637634388,0.0
1699611458553749172,0.0
1706511569358128687,0.0
1708743659809578338,0.0
1709926715885485624,0.0
1714104126765297416,1.0
1716773860734490860,0.0
1720599211866775043,0.0
1723490026854726763,1.0
1731197849821934615,0.0
1732403460161219059,0.0
1732448891014975691,0.0
1733071235392422923,1.0
1743701074821312252,0.0
1744640931222264354,1.0
1762523466691123583,0.0
1766075209573938228,1.0
1771186599648605458,0.0
1781730857434974322,1.0
1784019942388746255,0.0
1786639807408456115,0.0
1786747734567526767,0.0
1792935143207772325,0.0
1793935008910781434,1.0
1795558037045555485,0.0
1798332076957822622,0.0
1812309002137797496,0.0
1814813769396483491,0.0
1815841484466179739,0.0
1818445056203128414,0.0
1818801927322889311,0.0
1823208813440227049,0.0
1823578028704620595,0.0
1826411158033066922,1.0
1827881497810955762,0.0
1829545455376046461,0.0
1837259637369282576,1.0
1843802134167463694,0.0
1857733390380742067,0.0
1862185062690656948,0.0
1868685791259094727,0.0
1869271789797383864,0.0
1872582600749718619,1.0
1882492950708759125,0.0
1883155386812965612,0.0
1883264141227455382,0.0
1886726704578654140,0.0
1887362984767400991,0.0
1890141913513178576,1.0
1912096765760614043,0.0
1913215002747233228,0.0
1926491538654563336,0.0
1927963385445344869,0.0
1939941628336722516,0.0
1942031455079537369,0.0
1942627210675585565,0.0
1946270098623384891,0.0
1947813497056736542,1.0
1949794545502020901,0.0
1952567123517515806,1.0
1953617731942766892,0.0
1955923628539517944,0.0
1984515371311256631,1.0
1987462347499834990,0.0
1999733712088568458,0.0
2003969149576329042,1.0
2005889468119792068,0.0
2010863890995564171,0.0
2017974918747552370,0.0
2026410401102670368,0.0
2030123249563760129,0.0
2030794606463978526,0.0
2040408322296912179,0.0
2043443045092473265,0.0
2043714432633442036,0.0
2046308271773179767,1.0
2049890185036074127,0.0
2051260892729928134,0.0
2071998930645653643,1.0
2072728055007045953,0.0
2095808987044872183,1.0
2101550080164867550,1.0
2104332005576858662,0.0
2106894384687728564,0.0
2107954596080071202,0.0
2117853658762711075,0.0
2119888256398972615,0.0
2120008188465276766,1.0
2161280611201880000,0.0
2164375901026739595,0.0
2164639673793735127,1.0
2171909796106749462,1.0
2183807249432914744,0.0
2184836610524871332,0.0
2186993575344750276,0.0
2188119500853236345,0.0
2189046266968519366,0.0
2198538491770586704,0.0
2199444738369657816,0.0
2202126688924662754,1.0
2206798322862449110,0.0
2208302402097607407,0.0
2208433566111971593,0.0
2215736138122680132,1.0
2216207758479675479,0.0
2216382162624667145,0.0
2216889484482065779,1.0
2220044295230321132,0.0
2221199901462829953,0.0
2223748656896069322,0.0
2224141365571128516,0.0
2235361901372750663,0.0
2241184820900496174,0.0
2246037301752298761,0.0
2250082981690547612,0.0
2252781993343836500,0.0
2258322373707989485,0.0
2261583280757331706,0.0
2266952346108935674,0.0
2283337598565637885,0.0
2285097372405211286,0.0
2285976496062654234,0.0
2286523015136867721,0.0
2291142256631212304,0.0
2298374482487394273,0.0
2298630449218013397,0.0
2302446601383782530,0.0
2314697257004829748,1.0
2320149410544444713,0.0
2339865931245828201,0.0
2349011685212835468,0.0
2354291480780763769,0.0
2355725767567797729,0.0
2359498073711687745,1.0
2361167793754998634,0.0
2362175716991092998,0.0
2366381996473352135,1.0
2369630514288229831,0.0
2371127938714450396,0.0
2377127758877147369,0.0
2378849182944478769,0.0
2391784500350182735,0.0
2393051991571675078,0.0
2397847202197255383,1.0
2412223942691411922,0.0
2413509010416813539,0.0
2431410087367888615,0.0
2440239469129924490,0.0
2441714519919496469,0.0
2448800943139096581,0.0
2448831246549964395,0.0
2451217398683703628,0.0
2454186398946826454,0.0
2454573743397483265,0.0
2460202875405622784,0.0
2462995861631637224,0.0
2468467120598161308,0.0
2473877814703386688,0.0
2475601961692075351,1.0
2482679669327836747,0.0
2486430986584550381,0.0
2491230068529122787,1.0
2507898945451317392,0.0
2513537487426680286,0.0
2519563713707240693,0.0
2534434560516391828,1.0
2540170434089755835,0.0
2540223547354937872,0.0
2547452255032578030,0.0
2553470213645965583,0.0
2554766664584251076,0.0
2571390321339586633,0.0
2575120596147298548,0.0
2578175272678223274,0.0
2584796337248265166,0.0
2602469860746092420,0.0
2608055703922515661,0.0
2611442137462520161,0.0
2615324348158692201,0.0
2617319452143079291,0.0
2618506879312102809,1.0
2622513955466323179,0.0
2625654511251395374,1.0
2626587900172405049,1.0
2648666263754900013,0.0
2649365866862549235,1.0
2653234608121090787,0.0
2654098381351348441,0.0
2658382552620275297,0.0
2660855444032990552,0.0
2665970886572621398,0.0
2669666706431245959,0.0
2671435258748469538,0.0
2676260363052868388,1.0
2677340718613658229,0.0
2682911659128343436,0.0
2690664256891713550,1.0
2695117355684225456,1.0
2697762117705795256,0.0
2719540731144925733,0.0
2731300666746049484,0.0
2731606440162957262,1.0
2734892947243171963,0.0
2747438472003929866,1.0
2749835446795579731,0.0
2755641253013581364,0.0
2765551442930360437,0.0
2766571449334640990,0.0
2778737492485149095,0.0
2782794897924955637,0.0
2792242959402193911,1.0
2793769568492492696,0.0
2794348619435799834,1.0
2805469130328916871,0.0
2813617766986082141,0.0
2816336094130594211,0.0
2822189901886669285,0.0
2832802299901583420,0.0
2840630760395137794,1.0
2842157054753553155,0.0
2845065701486989368,0.0
2857189023750517804,0.0
2861700616405030039,1.0
2867242147354590793,1.0
2873450304696363200,0.0
2873455557754871416,0.0
2890019959506266390,1.0
2892962607137349702,0.0
2895323732802486581,0.0
2898629909709889295,0.0
2902904565677653503,1.0
2908193532760056482,0.0
2911742717777724774,0.0
2916398883039045348,0.0
2930578211104873460,0.0
2940191658597756068,0.0
2941722681652320852,0.0
2951095032054301728,0.0
2961122884967727725,0.0
2986866822295853212,1.0
2988364330553384783,0.0
3001191122542411125,0.0
3002852862535080646,0.0
3012374643177648069,1.0
3016474150836724810,0.0
3028027126672740878,0.0
3033414778906768404,0.0
3045292809293772084,0.0
3047519963206338952,0.0
3051339861289758383,1.0
3061486506449078862,0.0
3072616047162952037,1.0
3072806373507695662,1.0
3075926843727436303,0.0
3076895967454924021,0.0
3085383979697163444,0.0
3088582735769847266,0.0
3091288132224019151,0.0
3096853721481741319,0.0
3101339046526696031,0.0
3108994779853709602,0.0
3109931053553429276,0.0
3115541289698030349,0.0
3133676463696425056,0.0
3137466928730288036,0.0
3137975879714273016,0.0
3144637325737686484,0.0
3144786282399931458,0.0
3151186613857548685,0.0
3155964842415011647,0.0
3159419903258997411,0.0
3165045933821950011,0.0
3166130805357127615,1.0
3178575321369008508,0.0
3182830576088400288,0.0
3183358873510977890,1.0
3185756706963797860,0.0
3186323271602863058,0.0
3189916655393124249,0.0
3191210271739861543,0.0
3195358206304065311,0.0
3198921963022016757,0.0
3199438294483832048,0.0
3199681869833119642,1.0
3201096923515687412,0.0
3203001055970574084,0.0
3208511031301686291,0.0
3210059070891064348,0.0
3214827885828721478,0.0
3215212705593999090,0.0
3216575269257582500,0.0
3226312987829651265,0.0
3233115852192180335,0.0
3242746845708225050,0.0
3247012445008898971,0.0
3253742661075601549,0.0
3258178415313277208,0.0
3261827595873813353,1.0
3264958843520567072,0.0
3266331263854422358,0.0
3270638889968538480,0.0
3271330948864307613,0.0
3274647289068762702,0.0
3275931198187091327,0.0
3286215285157103377,0.0
3294859799000093662,0.0
3313711206728592371,0.0
3319542588474377877,0.0
3321949371456431279,0.0
3322296779620350460,1.0
3331157740117069507,0.0
3336053762061554237,0.0
3338006737916201292,0.0
3345079780316908051,0.0
3345258877386152025,0.0
3356146006589071156,1.0
3358731662464893047,1.0
3361423170819115717,0.0
3364871721028573502,0.0
3367475814478723379,0.0
3375792459091176069,0.0
3380544893260725582,0.0
3398496521483491961,0.0
3399691313136071288,0.0
3402561943922498386,0.0
3415187979401319871,0.0
3416798416406349961,0.0
3427728817902056244,0.0
3430185420079256122,0.0
3430919887451758732,0.0
3444519146508950065,0.0
3462036999941454835,1.0
3462332610199264854,0.0
3474678227351139817,0.0
3478861082082929617,0.0
3480886820070973915,0.0
3482364303780695009,0.0
3503408338278126248,0.0
3519949086340185619,0.0
3522036156195647967,1.0
3525065310131827045,0.0
3528040817708958180,0.0
3533287257502848232,0.0
3548006237328808810,0.0
3549865342510360759,0.0
3553092602258542110,0.0
3565085833960025117,1.0
3582916140364467763,0.0
3586598228715931694,0.0
3596596323653180954,0.0
3597362330731816775,1.0
3599002659220263501,0.0
3601827442852104380,1.0
3602852354886610951,0.0
3607373201811447892,1.0
3615501500561065282,0.0
3621730565771431548,0.0
3634015035549217373,1.0
3638581358454174256,0.0
3641982696560963549,1.0
3643530486015371960,1.0
3661906696584562058,0.0
3663109172447637235,0.0
3667228475422137868,0.0
3670501721235546878,0.0
3671238803383257266,0.0
3672285788541138082,0.0
3675353237088518925,0.0
3675382296022115425,0.0
3676792238965504302,1.0
3680912124148649108,0.0
3681434849807241813,1.0
3682193984885396014,1.0
3684251330319885693,0.0
3691394904931903428,0.0
3700725754833496775,0.0
3702551943327367463,0.0
3702959564135915829,0.0
3704977019858669185,0.0
3723927659320714741,0.0
3728884370260867639,0.0
3731889265142007075,0.0
3747126468101370348,0.0
3749891010132361963,0.0
3769848553770288973,0.0
3770248367003255299,1.0
3770328226752254287,0.0
3780954496537443601,0.0
3788278120649447361,0.0
3788669322702479056,0.0
3790019600773856095,1.0
3790756891015727634,0.0
3802058062809715575,1.0
3805129218486194226,0.0
3813648937927370554,0.0
3819760230018016257,1.0
3823218547388134097,1.0
3830458039296040985,0.0
3839186633785526232,1.0
3847356471437395373,0.0
3852292063934641546,0.0
3862047414308765971,0.0
3862608792791039504,0.0
3863785453049075420,0.0
3867463646173404631,0.0
3868920600970077819,0.0
3879518439744132809,0.0
3894739326720084112,1.0
3895644984813016195,0.0
3905403399672446326,0.0
3914195344337244447,0.0
3915557157274755442,0.0
3920150535821572807,0.0
3926504914173914579,0.0
3929035852171976682,0.0
3932734503088385575,0.0
3935702598088872050,0.0
3938836862958864480,0.0
3944915618747846456,0.0
3945624697723623131,1.0
3971308278504953809,1.0
3972857549857590144,0.0
3976951031903708164,0.0
3985858994131775328,0.0
3998851012301383579,0.0
4005142672870055960,0.0
4007357609572812193,0.0
4015945779314143587,0.0
4023279477563350736,0.0
4028553836401356724,0.0
4040253305760478868,0.0
4061890557000082339,1.0
4064104223790748723,0.0
4066832103368164301,0.0
4077848051074066535,1.0
4083155476343577538,1.0
4089202187991338020,0.0
4092122068741782659,0.0
4097607142439068685,0.0
4110110195654199238,0.0
4110836853142024992,0.0
4111919379637147812,0.0
4117311158165025328,0.0
4121611701016358839,0.0
4121852025892303396,0.0
4125984654924816640,1.0
4128617523602129032,0.0
4132131558778399276,0.0
4146034684694931275,1.0
4154871305413841052,0.0
4183460611529613656,0.0
4190506134889819543,1.0
4202431967694826258,0.0
4204066518538398063,0.0
4205610377289954958,0.0
4206426992162867402,0.0
4207830073270424056,0.0
4208658294777149698,0.0
4210750006023988182,1.0
4214800507541886076,0.0
4218188572814013726,0.0
4220885556124513756,0.0
4222361299695538531,1.0
4226779042676743169,0.0
4239555907657570585,1.0
4251775347948456732,0.0
4259951374453552026,0.0
4260284155398691368,0.0
4267327901691168728,1.0
4269038665231713237,0.0
4276317909823027502,0.0
4278171966587202046,0.0
4284761735956370008,0.0
4291767322383520487,0.0
4308980448782566814,0.0
4320574678327989492,0.0
4329090465307752041,0.0
4337497452513771534,1.0
4338659033330285684,0.0
4338915931608006723,0.0
4348487499168016694,1.0
4348543069456741122,0.0
4349817863435296719,0.0
4351837468327708926,1.0
4353401577560072807,0.0
4355997858167717936,0.0
4356063296146403339,0.0
4360640112066036447,0.0
4363397468149101791,0.0
4374773067723068190,0.0
4393091800002050065,0.0
4407873773881721933,0.0
4408907659791543115,0.0
4417757448869333982,0.0
4424080660032472641,0.0
4425426386264504638,0.0
4425914782090310016,0.0
4429761660628846021,0.0
4431192293138700434,0.0
4436131866434389610,0.0
4437588548009829417,0.0
4444215859980746056,0.0
4450347058018258356,0.0
4455837056424974194,0.0
4464680892061237644,0.0
4465991420223839011,0.0
4468676550007784534,1.0
4469432281335643238,0.0
4471754383547245339,0.0
4477035644102335326,0.0
4487478064379786543,0.0
4489909042686452920,0.0
4493253654204658545,0.0
4495455287599954018,1.0
4495502896989883595,0.0
4513921503094736881,0.0
4521567789931828877,0.0
4531095749621489832,0.0
4535665848787395469,1.0
4543710779203344397,0.0
4549178448136347720,0.0
4553119806463469140,0.0
4565430225420990164,1.0
4577452959776379257,0.0
4593196220710858795,1.0
4594418799411983017,1.0
4608538163580034449,0.0
4608746540499344887,0.0
4609100623077239240,1.0
4612565081598250761,0.0
4613863686207681891,0.0
4615935566906259228,1.0
4621660847762006756,0.0
4628835792004089364,0.0
4631472311266234556,0.0
4634221512621941628,0.0
4645757868272537798,1.0
4648848111540915445,0.0
4649182933118076000,0.0
4660322310928442391,0.0
4665501441780617234,1.0
4678278350549992306,0.0
4680258307681288051,0.0
4681005225898381485,0.0
4683322281658441155,0.0
4683721157198581345,0.0
4684257435812939224,0.0
4700970290250233253,1.0
4702433482121085315,0.0
4709221742171430357,0.0
4712416982829831892,0.0
4722890962302960673,0.0
4723975152101865423,0.0
4727102406224466786,1.0
4729164539037763861,0.0
4735032184352291498,0.0
4737796009404433356,0.0
4741679428175050530,0.0
4743268978517472934,1.0
4745345238522850044,0.0
4753811895814092989,0.0
4755269211337454891,0.0
4767012777424958680,0.0
4767405134743271180,0.0
4777473974600714141,1.0
4788413069166699845,0.0
4791828667459835683,0.0
4807556553902005638,0.0
4808866876263408334,0.0
4815058292662274566,0.0
4815228590546360773,0.0
4824179948578510471,0.0
4845351387360143529,0.0
4847422033365057965,0.0
4862199800550267391,1.0
4862671888522178374,0.0
4867063308589491986,1.0
4871638313450378897,0.0
4874367041802343720,0.0
4875746351591949625,0.0
4876647145529327903,0.0
4887001653423382805,0.0
4889808065064828659,1.0
4890274891266817046,0.0
4894479113850872033,0.0
4895075556173406146,1.0
4902654147189184278,0.0
4903916222679763368,0.0
4919621788303167128,0.0
4920720620012550326,0.0
4922298929095656313,0.0
4938970526997748002,0.0
4948588008211256911,0.0
4948862478116399485,0.0
4953022434205931813,0.0
4957588715939709592,1.0
4963067728506155308,0.0
4964815246643123557,0.0
4969406662818251788,0.0
4970806170247538715,0.0
4976429678060883676,0.0
4980343808956674400,0.0
4981583289042879279,0.0
4988076949337078567,1.0
4991356924469947811,1.0
4996759514247072623,1.0
5003442629532231590,0.0
5006759157493866827,0.0
5027138931572836449,0.0
5027732755605097200,1.0
5041914682545291508,0.0
5046308682656262241,0.0
5062020312532568680,0.0
5063958958371304136,1.0
5069262666926752527,0.0
5072849707710836411,0.0
5076184498072704274,0.0
5078112801528431575,1.0
5084721377177974572,0.0
5086477674065954919,1.0
5090063798173082313,1.0
5091970592620053646,0.0
5102742981481085669,1.0
5106096539849223069,0.0
5116248003948782025,0.0
5116877509933263963,0.0
5138717710714454275,0.0
5143443016853028696,0.0
5144681558305572513,0.0
5148134819084789934,0.0
5151250663464900782,1.0
5153743142264257232,1.0
5162184883635956683,0.0
5163645278784933194,1.0
5163738076336429612,0.0
5166151801679964579,0.0
5167700450273821594,0.0
5173559146001488235,0.0
5181515304048131946,0.0
5182034116663368471,0.0
5190208957548498153,0.0
5198784767631416925,1.0
5203212064885332992,0.0
5207923243273190737,0.0
5228972778482933552,0.0
5236120907971774735,0.0
5238376899774398537,1.0
5247840515914941922,0.0
5250404418762386975,0.0
5250424591708493385,0.0
5250739182829331455,0.0
5252981188293374460,0.0
5254165665612714108,1.0
5258300730899826956,0.0
5259457544289937927,1.0
5269464209091590765,0.0
5277579643238571673,0.0
5278788418785091231,0.0
5282840530831954937,0.0
5292350683998242601,0.0
5303146813613873225,0.0
5303308509504869365,0.0
5304175307005410074,0.0
5304643634289809422,0.0
5312060233484732302,0.0
5324027243934626449,0.0
5346062129795688718,1.0
5349389130891701229,0.0
5358856870467221576,1.0
5367272586614863840,0.0
5368983434846110363,0.0
5384532621139732507,0.0
5393373484951207056,0.0
5404461359279026804,0.0
5421247204168388403,0.0
5421519507503791154,0.0
5422196008341448816,1.0
5422801100725991025,0.0
5436126237216277855,0.0
5438196953678342289,1.0
5442659622291991428,0.0
5451982808984795156,0.0
5452220263816396050,0.0
5460721724607479566,0.0
5464902312011007457,0.0
5500875521377832532,0.0
5506593710999771375,1.0
5506705802980841111,1.0
5507774123610812333,0.0
5512132015358923163,0.0
5513161889133970530,0.0
5523665131037130193,0.0
5527881005563379317,0.0
5537586638251531129,0.0
5547954732584652696,0.0
5560170078535523905,0.0
5568751936442652246,0.0
5573276339839430181,0.0
5583475039322341169,0.0
5586701627997051178,1.0
5607887134153851888,0.0
5610620950023746776,0.0
5611933673156400587,0.0
5618209773286483320,0.0
5621401358774310027,0.0
5625067942004293884,0.0
5643609255260517659,0.0
5644042588899520519,0.0
5646218434815887064,1.0
5664946114180551898,0.0
5671949783033957390,0.0
5678975139827839416,0.0
5689469635673111238,0.0
5696137292861324675,0.0
5702977002161942337,1.0
5707307223528850411,1.0
5708426823710939599,1.0
5714207021724512948,1.0
5719271931294588303,0.0
5720468351439525956,1.0
5727349159071355446,0.0
5735605528739821246,0.0
5739304820154816532,0.0
5739758486285252468,0.0
5740649343473160448,0.0
5744835108257354864,1.0
5745859568064913568,1.0
5749144872288124490,1.0
5753092584556867463,0.0
5757492831612560015,0.0
5758120597655293024,0.0
5758407828529917890,0.0
5759639970659045054,0.0
5767812913886141737,0.0
5775216794676416536,0.0
5784054163958184493,0.0
5786538727446980972,0.0
5790824369155857460,0.0
5793346220729571654,1.0
5821755817605974247,0.0
5827730289750751964,0.0
5839606123922346874,0.0
5841913693971914719,0.0
5848109784988313074,0.0
5848905332644744708,0.0
5849072454714438532,0.0
5858006283919059813,1.0
5866063802691373540,0.0
5871585848498721869,0.0
5872497311894404002,0.0
5874798752671333752,0.0
5887965214240557623,0.0
5900325630220056358,0.0
5900667035165280231,0.0
5901960383091698255,0.0
5904068768379691639,0.0
5906106700571930076,0.0
5909230870620684331,0.0
5910961744754954923,0.0
5922015182571182379,0.0
5922706210697046563,0.0
5922987962000700570,0.0
5924888594329752030,0.0
5938473453159718666,0.0
5940844626774435182,0.0
5974363840549653975,0.0
5981103832386882865,0.0
5983750927253104729,0.0
5989595689589239953,0.0
5993448454310446637,0.0
5998858195333290924,1.0
6003960010196130007,1.0
6006694651629214470,0.0
6013072031105181032,0.0
6025252840459153910,1.0
6025369465075371533,0.0
6026408495814294051,0.0
6031449008496162001,0.0
6031940689144920556,0.0
6036346589857952731,0.0
6040909548573841273,0.0
6043475102453394729,0.0
6056912656525636980,0.0
6063423914672043517,0.0
6070264433434260850,0.0
6082313577844515661,0.0
6087815091847973017,0.0
6087973693521342280,0.0
6091631047563163399,0.0
6107424960806386948,0.0
6109047829422776550,1.0
6112201334867943030,0.0
6118853963900152688,0.0
6122478135413378142,1.0
6136011448365358220,1.0
6138722573710614395,0.0
6153384661523679975,1.0
6166754060772579210,0.0
6171441410035100283,0.0
6171627483060074701,0.0
6175641304921695904,0.0
6181637140048515253,0.0
6183154506913912115,0.0
6184103464381787936,0.0
6184582651900179423,0.0
6188077089546776547,0.0
6205206521627161599,0.0
6207702397542909884,0.0
6210838630401899072,1.0
6216203096492821952,0.0
6223543058962799513,0.0
6248006013921536715,0.0
6248597245962773471,1.0
6249353838597585693,0.0
6264799674296147968,0.0
6272078179312111533,0.0
6273322942587770157,1.0
6277058066057655854,1.0
6287067063282182780,0.0
6293685997482057111,1.0
6296751690400487808,0.0
6304698400807617063,0.0
6309205495432409658,0.0
6310098456443813313,0.0
6310501670058223175,0.0
6318334074654532894,0.0
6332977931390378631,0.0
6346633597294700200,0.0
6352735707437136489,0.0
6354837220783591594,1.0
6359014144643101301,0.0
6369196720367553553,0.0
6373289932884422625,1.0
6379912217075891622,0.0
6380253742279747742,0.0
6392152548269309619,0.0
6392573237599069553,1.0
6398321308164138796,1.0
6407985534447011934,1.0
6416554621804862174,0.0
6419874715526666083,0.0
6420265000350268700,1.0
6433002148714649637,0.0
6444238207746635942,0.0
6447371259677726641,0.0
6448958207440361417,0.0
6450124435233275601,0.0
6480731942969492737,0.0
6488215698278453268,1.0
6492946999193505595,1.0
6508255128921387612,1.0
6518581396902106295,1.0
6525963721634441039,0.0
6526463581580439978,1.0
6527127997834321379,0.0
6530324667484719594,0.0
6535488594449514759,0.0
6539656052542638449,0.0
6542127015042573270,1.0
6552734188449808485,0.0
6553517203613290645,0.0
6555217777866838744,0.0
6556959352884703512,0.0
6557145971404949833,0.0
6561647073903933296,0.0
6578092415729918618,0.0
6589914567595056615,1.0
6591714091685879014,0.0
6603605511434271835,0.0
6606460610504001907,0.0
6615475578993720712,0.0
6628164158039246999,0.0
6631174436344822925,0.0
6631526606840465244,0.0
6633666314613253374,0.0
6634603969184315213,0.0
6635571744102416694,1.0
6640134937373346865,0.0
6641512108472685039,0.0
6644985608449685383,0.0
6647659027018428663,0.0
6659492932101736528,0.0
6661936286858243630,0.0
6670053622516898428,0.0
6680674912371244342,0.0
6680956068272744654,0.0
6685466687961549847,0.0
6693648028836245873,0.0
6721839292765586520,0.0
6727096730163736549,0.0
6728179678573420487,0.0
6733790821405049063,0.0
6734242840890130518,0.0
6735217621064597967,0.0
6739517472339623104,1.0
6741235651492250892,0.0
6746455362890467406,0.0
6746862887388245417,0.0
6749911459096306974,0.0
6750077454864755196,0.0
6773267763346233809,0.0
6775799018036483172,0.0
6780173425235946594,0.0
6781600333182378854,0.0
6792378972928431113,0.0
6801819802362000479,0.0
6806522365878652640,0.0
6806808591701625150,0.0
6809458764076510278,1.0
6809593450600760540,0.0
6809891562570642084,0.0
6816956332998815086,1.0
6822570393526579812,1.0
6833289323784323171,0.0
6840959942208263646,0.0
6842710619651254395,0.0
6845209207630702669,0.0
6846851333369147034,1.0
6851088669936739215,1.0
6870600138731002994,0.0
6873323429979623989,0.0
6874603665583854506,0.0
6875443914485420686,1.0
6881160433791125818,1.0
6883124939879254983,0.0
6883999121449867428,0.0
6888148162384737114,0.0
6889643434140257921,0.0
6890239011463889884,0.0
6891064680506349988,0.0
6891695318333250478,0.0
6897155146387695521,1.0
6908509429284634221,0.0
6909521347587258539,1.0
6916145758188710200,0.0
6919958453190623564,0.0
6926113066360424920,0.0
6940862326350918527,0.0
6943330366800766647,0.0
6953035075356552646,0.0
6967485955633545040,0.0
6980343428175940726,1.0
6982175473136121015,1.0
6990318995731134750,0.0
6997039436624474117,0.0
7006936245919496757,0.0
7020575218067012309,0.0
7040980536833011505,0.0
7047402738158511493,0.0
7050828921847652932,0.0
7052055775897937190,0.0
7052702647956333475,0.0
7053921223061204193,0.0
7063650821844102222,0.0
7065918584007112318,0.0
7065944688923561158,0.0
7068879468281174692,0.0
7075700420847484747,0.0
7080086054514595432,0.0
7083323624847234113,0.0
7092476692708882635,1.0
7098774550795730569,0.0
7099531004047139276,0.0
7103972058558755055,0.0
7108918910922009893,0.0
7111691901733045969,0.0
7115507460201045333,0.0
7118497427018435729,0.0
7120272992740891793,0.0
7131989859724146063,0.0
7134391966825689304,0.0
7135702658915738660,1.0
7141782169010200062,1.0
7144454524492477501,0.0
7146019881222762851,0.0
7147907592293403397,0.0
7153690515900589722,0.0
7163915974542407772,1.0
7167456089618137987,0.0
7170153424988761379,1.0
7171165037895679177,0.0
7173279138630388041,0.0
7173669612167549360,0.0
7174688802013522533,0.0
7179599885712205620,0.0
7181829711419011500,0.0
7182724145760773458,1.0
7193957271307329484,1.0
7195338927722957297,0.0
7197123332656137281,0.0
7197660790464416860,1.0
7198661691036867853,0.0
7203385640134701336,0.0
7209911322360357050,1.0
7213115822093435356,0.0
7217047316976766295,0.0
7217381273953758909,0.0
7219088025008469661,0.0
7225227385756387880,0.0
7225498659563655379,0.0
7229524896924123343,0.0
7230183354689751235,0.0
7235657827555389621,0.0
7240944172528682674,0.0
7242916134787903029,0.0
7248398812881573771,0.0
7252445276207231091,0.0
7252956026975337104,0.0
7256882497765738891,0.0
7259093658729508094,0.0
7262652268807268787,0.0
7269659424952825411,0.0
7274035196810729342,0.0
7277948846873701499,0.0
7279719690537421163,0.0
7279946125491775044,0.0
7281615099793941268,0.0
7287957085815599502,0.0
7296340480616103585,0.0
7297511478828254497,0.0
7309800454575878629,1.0
7323383063975084836,0.0
7327478917969498852,0.0
7343715463504869713,0.0
7357255621792247064,1.0
7364636799884189645,1.0
7373241716431740874,1.0
7376945115278762904,0.0
7377934179549109788,0.0
7379485315975278365,0.0
7380209015143308479,1.0
7386599714485425218,0.0
7387831954619734228,0.0
7391397611518907245,0.0
7393267538378473433,0.0
7406719439243530847,0.0
7412644849176308531,0.0
7420655451046260040,0.0
7422441091280673347,0.0
7439322069658379138,0.0
7440505689252643280,0.0
7444279486904525076,0.0
7445344279774294950,0.0
7447436246659668034,0.0
7459617701418593478,0.0
7461567305095638110,0.0
7467418099554591040,1.0
7471017094134554291,0.0
7488678518620250066,0.0
7491256396319372409,0.0
7498141234047247758,0.0
7502959546523112414,0.0
7505414864198749328,0.0
7510519135810863408,0.0
7514893983743194209,0.0
7517868281772986577,1.0
7522104394736145172,0.0
7525021756098933754,0.0
7526089186084125164,1.0
7529482547371987216,0.0
7532567272909418310,0.0
7539315188225304279,0.0
7544756476714342994,0.0
7549815682607668977,1.0
7550387670919072286,0.0
7556410887893294667,1.0
7559857821141768556,0.0
7561230439168638380,0.0
7564701894952786561,1.0
7582464051336356902,0.0
7584305418254253538,1.0
7585146704433574115,0.0
7586868842903166049,0.0
7591871380597731517,0.0
7593931057559211429,0.0
7599020652773777080,0.0
7615332434053917375,0.0
7621214115767204772,0.0
7635491299979599609,0.0
7639778208102209630,0.0
7642592744113403437,1.0
7646120276983480947,0.0
7647876329850200795,0.0
7648952914251112758,1.0
7661624014601812310,0.0
7667107428571272219,1.0
7679931974200518065,0.0
7681971115910936353,0.0
7683578939571107580,1.0
7687832579136095260,0.0
7695252292006610883,0.0
7695396704976213875,1.0
7699737034783436030,0.0
7712568705991907352,0.0
7716042421903177407,0.0
7717560949711445582,0.0
7720746088038514035,0.0
7727588248667957223,0.0
7741186617419729415,0.0
7741283821527075012,0.0
7746549699970521640,1.0
7753198540136168612,0.0
7757324912507486048,0.0
7763960221729254070,0.0
7775933613404961532,0.0
7779416168753421817,0.0
7796129308305115488,0.0
7809082933067126591,0.0
7811732531477049965,1.0
7814700556965018126,0.0
7822337537563186814,1.0
7843456226435239117,0.0
7848095538689511901,0.0
7848989812414437187,0.0
7851592591523127557,0.0
7856801616788023217,0.0
7864461037835361143,0.0
7871079353961220486,0.0
7872096656003130526,0.0
7872813086796578405,0.0
7877637003504328431,0.0
7878834510247035096,0.0
7881281733718597905,1.0
7881418097063362364,0.0
7883278055958979958,0.0
7884593923358661101,0.0
7889248893658141174,0.0
7890160077877493910,0.0
7892549429173436210,0.0
7893571039039005553,0.0
7905082722032935595,1.0
7908696042265426995,1.0
7911180899618234800,0.0
7915746602621938785,1.0
7919396212202350700,0.0
7923780801511420333,0.0
7925367547061394150,0.0
7932426477102029230,0.0
7937967576616205838,0.0
7939278515736374285,0.0
7949619870898635547,0.0
7958954102081334027,0.0
7969310379351707222,0.0
7979185267616499859,1.0
7982143184771133431,0.0
7988860332634871253,0.0
7989654198247668267,1.0
7993262667104779861,1.0
8013767462219666775,0.0
8021972869669468138,0.0
8028063333834645106,0.0
8035138321830440558,0.0
8039499577405697560,0.0
8044337566043838021,0.0
8044849963019476691,0.0
8059975750106511044,0.0
8064159801717612135,0.0
8075655094436656484,0.0
8082269672774756083,0.0
8087053579841061342,1.0
8108757802812639144,0.0
8109963718878177183,0.0
8116523228718823730,0.0
8120466879968828473,0.0
8121467140222209949,0.0
8125932390922522329,1.0
8126349076940313442,0.0
8138514251272364082,0.0
8141519368967306476,0.0
8144286875810592693,1.0
8162911361895349374,0.0
8164906011462427671,0.0
8167183828560617857,0.0
8179051744724274397,0.0
8180975935610548538,0.0
8181418667943183197,0.0
8192211847521224380,0.0
8196120028167028333,0.0
8201462552524008969,0.0
8203758995307830557,1.0
8212681176792935277,1.0
8221022559384912972,1.0
8228565617195676092,0.0
8234138404209643668,1.0
8246546449044001504,1.0
8247129492997555573,1.0
8253111079446025531,0.0
8253915114715541276,0.0
8262555772718106578,0.0
8279872655147570662,0.0
8291792055515266806,0.0
8301076512700669932,1.0
8304367731607586684,0.0
8306374685548815122,0.0
8308247768950109367,0.0
8309923000965675290,0.0
8317777596219150403,0.0
8327379885072655040,1.0
8337335371884437241,0.0
8350241343092888394,0.0
8356129420142073031,0.0
8358171785891064815,0.0
8358889141626641038,0.0
8365311066876230233,0.0
8367477344238905782,0.0
8375791106655244871,0.0
8375915735925841320,0.0
8404088846893898799,1.0
8408863468541307664,0.0
8425324466667751948,0.0
8425926611306093533,0.0
8431063903862202129,0.0
8435650047168662962,0.0
8439028804239386094,0.0
8440090595946855839,0.0
8440540792283313661,0.0
8441242035776418148,0.0
8443490334534717302,0.0
8447035418167893130,0.0
8457825506417172663,0.0
8459966478374258169,0.0
8461250578468450107,0.0
8463099317776067712,0.0
8469177627657826270,1.0
8474990785464912143,0.0
8476122829671732349,0.0
8477527160727871564,0.0
8494083711242998184,1.0
8508211145177281397,1.0
8521538484040118302,0.0
8522520413315074338,0.0
8529489050058861010,0.0
8529989763607064159,1.0
8536700425302141274,0.0
8542501924790022805,1.0
8544506435358267119,0.0
8545638251437026794,0.0
8547548656293691688,0.0
8548332536290867760,0.0
8550091673515116949,0.0
8551841841894410430,1.0
8557379991724774091,0.0
8561600230621356592,0.0
8561781915310493028,0.0
8562628111239433601,0.0
8564221536838050311,0.0
8570021441057582997,0.0
8573901825128523758,0.0
8577718772706976725,0.0
8578539562706518016,0.0
8584864705293901580,0.0
8592981560328392909,0.0
8594309419385429849,0.0
8597487875994148094,0.0
8604699148825969865,0.0
8616209243572901022,0.0
8624874805814677174,0.0
8628452856237394129,1.0
8666043717057194099,0.0
8666791444901759703,0.0
8671590558383720899,0.0
8679778800880726777,0.0
8683240822023880742,0.0
8691601962347206046,0.0
8705055342352265991,0.0
8712988560143910090,0.0
8715641717902684725,0.0
8717054678567696758,0.0
8717416763461064579,0.0
8720644646913018559,0.0
8726103177672485523,0.0
8735861246421040761,1.0
8747631347076341805,1.0
8772202362639413520,0.0
8776743959343835632,1.0
8787284942338219084,0.0
8802663952126290544,0.0
8812756352480442062,0.0
8817934129341172742,0.0
8818305471297676302,0.0
8822295268988658921,0.0
8822778212760116332,1.0
8826380754517747197,1.0
8833494091625231870,0.0
8837073044944345541,0.0
8841283159705654545,1.0
8841535854773835812,0.0
8842217394086879713,0.0
8844986898871115579,0.0
8855360118646642526,1.0
8857275109408006503,1.0
8862331069477099056,0.0
8864808749128817529,0.0
8867418919706011213,1.0
8870383040963030502,0.0
8871907732100868237,0.0
8873770100036986865,0.0
8875280213283864873,0.0
8878586744965031921,0.0
8901036892502799308,0.0
8901592055571272565,1.0
8901813815303878950,0.0
8902425411307749881,1.0
8905279048630328836,0.0
8907806854986167261,0.0
8908941727609407678,0.0
8923878514171135704,0.0
8926012384429033327,0.0
8936140022458088920,1.0
8939586397268553529,1.0
8951975510920630849,0.0
8952380640188756266,0.0
8967099796700859605,0.0
8975940452680714245,0.0
8977460557540183740,1.0
8981927883670209731,0.0
8986458346448388948,0.0
8989730009718171939,0.0
8993478879128513347,0.0
8994195789518722580,0.0
8997092524191553969,0.0
8999760584226190965,0.0
9000201033262644455,1.0
9016140048396957836,0.0
9030905194611620226,0.0
9033355451424845366,0.0
9040913499526111642,0.0
9040960941888550997,0.0
9059086082453989160,0.0
9076497954321240396,0.0
9077705089189301888,1.0
9091837234923092807,0.0
9092066337544937168,1.0
9097506754034232565,0.0
9097727012002552331,0.0
9106140624067355563,1.0
9109437266094694532,0.0
9110577063494061515,0.0
9117350893379567779,0.0
9118484061092112039,0.0
9125597150979626134,0.0
9127243459362331939,0.0
9128110515808126104,0.0
9131819496113065674,0.0
9135855019985420571,1.0
9138947278832495037,0.0
9140627185315551578,0.0
9149370516940330260,0.0
9154720564184682334,0.0
9157697822531416525,1.0
9159673824333815629,0.0
9169778222827872330,0.0
9170615119919313190,0.0
9170630981125336139,1.0
9171538976589823591,0.0
9194053299823538279,0.0
9196194430635355476,0.0
9203822720702563491,1.0
9205406046009482646,0.0
9206342053685832016,0.0
9213027496842209017,0.0
9221450110538849279,0.0
